product_id,product_name,category,price
PROD_0,none,Beauty,713.33
PROD_1,condition,Home,887.69
PROD_2,modern,Fashion,571.73
PROD_3,feel,Sports,578.81
PROD_4,can,Home,159.45
PROD_5,list,Sports,836.96
PROD_6,subject,Fashion,683.09
PROD_7,chair,Home,864.93
PROD_8,final,Electronics,921.21
PROD_9,car,Fashion,612.56
PROD_10,media,Fashion,290.23
PROD_11,go,Fashion,603.25
PROD_12,story,Fashion,773.03
PROD_13,rule,Fashion,762.24
PROD_14,cultural,Sports,848.41
PROD_15,fill,Home,234.88
PROD_16,support,Electronics,47.53
PROD_17,person,Home,245.59
PROD_18,hold,Electronics,23.06
PROD_19,attention,Sports,477.12
PROD_20,inside,Fashion,385.36
PROD_21,recognize,Electronics,661.73
PROD_22,yet,Electronics,285.76
PROD_23,various,Home,32.05
PROD_24,produce,Fashion,400.89
PROD_25,different,Sports,64.92
PROD_26,radio,Fashion,714.38
PROD_27,sea,Fashion,597.51
PROD_28,coach,Beauty,219.17
PROD_29,six,Beauty,927.99
PROD_30,meeting,Fashion,582.01
PROD_31,once,Home,514.99
PROD_32,source,Sports,151.88
PROD_33,kitchen,Sports,221.42
PROD_34,close,Electronics,332.66
PROD_35,hundred,Fashion,759.36
PROD_36,make,Home,946.17
PROD_37,serious,Beauty,878.04
PROD_38,upon,Sports,126.32
PROD_39,often,Electronics,988.47
PROD_40,final,Beauty,630.91
PROD_41,mouth,Beauty,90.23
PROD_42,tax,Electronics,770.14
PROD_43,open,Sports,825.61
PROD_44,main,Home,872.15
PROD_45,carry,Fashion,52.3
PROD_46,accept,Sports,81.05
PROD_47,seek,Home,501.9
PROD_48,new,Electronics,807.62
PROD_49,feel,Electronics,918.54
PROD_50,item,Fashion,281.05
PROD_51,drive,Electronics,309.38
PROD_52,life,Home,563.53
PROD_53,green,Fashion,402.48
PROD_54,magazine,Electronics,800.98
PROD_55,strategy,Sports,238.21
PROD_56,loss,Home,584.75
PROD_57,resource,Home,441.47
PROD_58,that,Fashion,693.36
PROD_59,whose,Sports,329.08
PROD_60,sometimes,Sports,967.47
PROD_61,make,Beauty,889.32
PROD_62,better,Sports,161.8
PROD_63,need,Home,659.79
PROD_64,standard,Beauty,674.65
PROD_65,similar,Sports,588.46
PROD_66,design,Home,61.16
PROD_67,front,Electronics,611.14
PROD_68,single,Home,507.52
PROD_69,knowledge,Home,26.58
PROD_70,today,Electronics,997.0
PROD_71,attack,Sports,557.84
PROD_72,deep,Beauty,874.14
PROD_73,pattern,Fashion,963.63
PROD_74,instead,Fashion,289.49
PROD_75,eight,Fashion,724.24
PROD_76,money,Fashion,40.3
PROD_77,machine,Electronics,69.19
PROD_78,job,Fashion,665.2
PROD_79,improve,Fashion,261.26
PROD_80,production,Sports,429.93
PROD_81,hit,Home,920.11
PROD_82,magazine,Beauty,559.5
PROD_83,really,Fashion,884.26
PROD_84,add,Beauty,13.1
PROD_85,become,Sports,604.64
PROD_86,foreign,Sports,302.42
PROD_87,ok,Fashion,862.54
PROD_88,according,Fashion,269.31
PROD_89,just,Sports,264.22
PROD_90,check,Sports,994.61
PROD_91,own,Electronics,732.46
PROD_92,here,Electronics,656.84
PROD_93,reflect,Sports,856.39
PROD_94,tough,Electronics,65.11
PROD_95,under,Sports,812.46
PROD_96,head,Beauty,886.75
PROD_97,nearly,Electronics,951.39
PROD_98,compare,Sports,692.42
PROD_99,father,Beauty,29.4
PROD_100,voice,Electronics,23.08
PROD_101,money,Home,783.77
PROD_102,before,Sports,151.6
PROD_103,nation,Home,325.33
PROD_104,truth,Sports,764.45
PROD_105,range,Home,208.76
PROD_106,culture,Electronics,256.02
PROD_107,early,Beauty,922.36
PROD_108,management,Electronics,654.54
PROD_109,Mrs,Electronics,295.85
PROD_110,they,Fashion,257.94
PROD_111,again,Sports,921.27
PROD_112,later,Fashion,995.93
PROD_113,yet,Beauty,142.74
PROD_114,want,Home,200.46
PROD_115,more,Sports,767.65
PROD_116,realize,Sports,168.53
PROD_117,hotel,Sports,867.25
PROD_118,nation,Electronics,846.07
PROD_119,performance,Beauty,238.12
PROD_120,response,Home,282.47
PROD_121,very,Sports,573.33
PROD_122,summer,Sports,720.42
PROD_123,again,Fashion,380.09
PROD_124,mind,Electronics,992.69
PROD_125,line,Home,529.04
PROD_126,candidate,Home,861.06
PROD_127,seat,Beauty,569.32
PROD_128,difficult,Fashion,443.05
PROD_129,professional,Home,352.45
PROD_130,design,Fashion,865.86
PROD_131,more,Sports,406.08
PROD_132,anything,Fashion,714.31
PROD_133,mission,Home,339.36
PROD_134,make,Beauty,635.03
PROD_135,behind,Electronics,268.22
PROD_136,meeting,Home,820.59
PROD_137,but,Home,286.14
PROD_138,wall,Home,37.4
PROD_139,early,Sports,92.09
PROD_140,range,Electronics,556.35
PROD_141,case,Sports,343.94
PROD_142,matter,Fashion,888.72
PROD_143,perform,Beauty,957.11
PROD_144,technology,Sports,505.3
PROD_145,seek,Electronics,540.46
PROD_146,finish,Electronics,751.3
PROD_147,when,Sports,133.78
PROD_148,hit,Fashion,94.34
PROD_149,sister,Beauty,658.7
PROD_150,where,Beauty,675.46
PROD_151,majority,Electronics,549.4
PROD_152,market,Electronics,74.75
PROD_153,however,Electronics,648.47
PROD_154,analysis,Home,279.46
PROD_155,recently,Sports,431.39
PROD_156,trial,Home,304.07
PROD_157,edge,Beauty,883.84
PROD_158,about,Electronics,761.41
PROD_159,size,Sports,89.89
PROD_160,choice,Electronics,413.69
PROD_161,picture,Electronics,83.18
PROD_162,according,Fashion,973.87
PROD_163,lay,Home,451.45
PROD_164,prevent,Home,642.24
PROD_165,while,Home,420.18
PROD_166,bit,Home,572.15
PROD_167,protect,Home,937.28
PROD_168,over,Electronics,573.17
PROD_169,food,Sports,61.03
PROD_170,such,Beauty,22.83
PROD_171,four,Fashion,400.19
PROD_172,perform,Fashion,469.95
PROD_173,these,Beauty,924.93
PROD_174,ahead,Electronics,859.86
PROD_175,possible,Electronics,924.31
PROD_176,now,Electronics,58.35
PROD_177,land,Electronics,303.86
PROD_178,process,Sports,734.68
PROD_179,wish,Sports,861.35
PROD_180,some,Beauty,960.21
PROD_181,value,Electronics,390.79
PROD_182,what,Beauty,825.88
PROD_183,war,Home,213.0
PROD_184,respond,Home,129.08
PROD_185,state,Electronics,382.72
PROD_186,many,Beauty,629.26
PROD_187,simple,Sports,283.12
PROD_188,debate,Beauty,870.36
PROD_189,decision,Home,727.35
PROD_190,part,Electronics,395.9
PROD_191,goal,Fashion,759.77
PROD_192,share,Electronics,339.02
PROD_193,line,Sports,126.49
PROD_194,assume,Beauty,252.12
PROD_195,pay,Fashion,682.6
PROD_196,of,Sports,262.6
PROD_197,your,Sports,511.02
PROD_198,sort,Electronics,758.35
PROD_199,take,Home,594.16
PROD_200,design,Sports,152.26
PROD_201,or,Fashion,73.96
PROD_202,push,Sports,632.72
PROD_203,particularly,Fashion,530.67
PROD_204,wait,Beauty,647.19
PROD_205,skin,Electronics,751.49
PROD_206,until,Electronics,643.38
PROD_207,may,Beauty,128.79
PROD_208,body,Electronics,956.18
PROD_209,whom,Electronics,508.11
PROD_210,red,Home,84.78
PROD_211,conference,Fashion,547.89
PROD_212,whether,Fashion,402.31
PROD_213,lot,Fashion,873.91
PROD_214,else,Beauty,135.77
PROD_215,resource,Sports,810.61
PROD_216,bring,Beauty,218.51
PROD_217,nothing,Electronics,428.17
PROD_218,blood,Sports,417.91
PROD_219,reach,Home,955.34
PROD_220,tonight,Home,340.05
PROD_221,produce,Electronics,928.93
PROD_222,major,Electronics,667.68
PROD_223,mission,Home,706.97
PROD_224,light,Electronics,300.72
PROD_225,be,Beauty,20.29
PROD_226,each,Electronics,791.35
PROD_227,might,Home,191.11
PROD_228,fast,Electronics,295.96
PROD_229,benefit,Sports,93.92
PROD_230,yourself,Home,425.37
PROD_231,much,Electronics,428.18
PROD_232,long,Fashion,942.64
PROD_233,region,Beauty,444.38
PROD_234,society,Fashion,597.62
PROD_235,enough,Fashion,695.3
PROD_236,training,Electronics,942.04
PROD_237,can,Beauty,962.8
PROD_238,property,Beauty,754.68
PROD_239,stay,Electronics,692.5
PROD_240,remember,Electronics,806.3
PROD_241,song,Sports,613.06
PROD_242,degree,Beauty,891.31
PROD_243,responsibility,Sports,921.11
PROD_244,environmental,Beauty,770.06
PROD_245,ask,Fashion,167.07
PROD_246,deep,Fashion,796.16
PROD_247,hand,Electronics,147.29
PROD_248,paper,Sports,135.99
PROD_249,himself,Beauty,654.78
PROD_250,cultural,Beauty,465.56
PROD_251,nor,Home,324.99
PROD_252,until,Home,173.98
PROD_253,standard,Fashion,340.03
PROD_254,sometimes,Beauty,585.21
PROD_255,after,Home,170.37
PROD_256,old,Beauty,805.15
PROD_257,poor,Fashion,20.7
PROD_258,theory,Electronics,381.54
PROD_259,series,Fashion,299.9
PROD_260,recent,Fashion,314.87
PROD_261,appear,Sports,24.82
PROD_262,American,Home,443.52
PROD_263,professional,Sports,796.55
PROD_264,see,Electronics,813.93
PROD_265,moment,Electronics,609.01
PROD_266,seek,Fashion,232.11
PROD_267,understand,Home,137.35
PROD_268,other,Beauty,743.93
PROD_269,drug,Fashion,74.08
PROD_270,the,Sports,500.82
PROD_271,without,Home,312.85
PROD_272,candidate,Sports,287.67
PROD_273,reveal,Beauty,921.85
PROD_274,fall,Fashion,214.77
PROD_275,election,Home,508.19
PROD_276,popular,Home,961.73
PROD_277,experience,Beauty,303.63
PROD_278,we,Home,96.62
PROD_279,father,Fashion,47.33
PROD_280,activity,Sports,867.12
PROD_281,stuff,Electronics,838.68
PROD_282,cut,Electronics,746.27
PROD_283,brother,Sports,952.29
PROD_284,enter,Home,536.43
PROD_285,investment,Electronics,147.57
PROD_286,itself,Home,79.22
PROD_287,ever,Beauty,213.22
PROD_288,send,Sports,548.47
PROD_289,first,Beauty,831.66
PROD_290,light,Sports,964.6
PROD_291,outside,Beauty,830.33
PROD_292,major,Fashion,525.13
PROD_293,hand,Fashion,363.65
PROD_294,information,Fashion,913.31
PROD_295,again,Fashion,453.63
PROD_296,life,Home,952.14
PROD_297,sometimes,Sports,948.16
PROD_298,minute,Fashion,479.51
PROD_299,on,Home,299.05
PROD_300,direction,Beauty,815.84
PROD_301,including,Fashion,325.09
PROD_302,suddenly,Beauty,268.21
PROD_303,class,Home,454.67
PROD_304,ok,Sports,47.39
PROD_305,western,Fashion,501.47
PROD_306,price,Electronics,716.68
PROD_307,so,Beauty,316.75
PROD_308,focus,Sports,130.13
PROD_309,draw,Fashion,87.94
PROD_310,pattern,Fashion,360.91
PROD_311,man,Fashion,610.22
PROD_312,positive,Sports,655.15
PROD_313,you,Electronics,671.2
PROD_314,may,Fashion,858.75
PROD_315,work,Electronics,122.44
PROD_316,final,Home,639.78
PROD_317,agree,Home,591.58
PROD_318,focus,Home,602.3
PROD_319,usually,Beauty,442.81
PROD_320,ready,Electronics,64.33
PROD_321,you,Sports,337.31
PROD_322,consumer,Beauty,516.11
PROD_323,finish,Fashion,530.48
PROD_324,gun,Electronics,16.97
PROD_325,no,Fashion,542.84
PROD_326,per,Fashion,944.71
PROD_327,education,Home,843.11
PROD_328,benefit,Fashion,395.74
PROD_329,middle,Home,149.07
PROD_330,real,Home,631.52
PROD_331,several,Beauty,758.08
PROD_332,safe,Home,895.4
PROD_333,others,Electronics,243.44
PROD_334,investment,Electronics,874.89
PROD_335,from,Electronics,356.73
PROD_336,pay,Home,887.59
PROD_337,budget,Electronics,908.56
PROD_338,war,Home,736.32
PROD_339,current,Sports,20.59
PROD_340,consider,Home,620.57
PROD_341,center,Beauty,645.23
PROD_342,sign,Sports,194.16
PROD_343,simple,Electronics,886.14
PROD_344,stage,Beauty,598.01
PROD_345,effort,Electronics,777.78
PROD_346,she,Home,674.28
PROD_347,discussion,Beauty,805.19
PROD_348,company,Sports,712.61
PROD_349,trouble,Electronics,292.85
PROD_350,become,Home,467.87
PROD_351,give,Fashion,473.05
PROD_352,skin,Electronics,863.34
PROD_353,day,Sports,553.88
PROD_354,decade,Sports,824.65
PROD_355,bill,Home,823.72
PROD_356,traditional,Fashion,284.94
PROD_357,force,Beauty,719.29
PROD_358,talk,Electronics,429.73
PROD_359,country,Beauty,650.42
PROD_360,bit,Electronics,691.49
PROD_361,culture,Sports,282.99
PROD_362,at,Home,543.77
PROD_363,impact,Fashion,566.35
PROD_364,low,Home,862.6
PROD_365,according,Beauty,445.62
PROD_366,admit,Sports,26.41
PROD_367,example,Sports,638.19
PROD_368,federal,Electronics,828.63
PROD_369,including,Beauty,187.77
PROD_370,themselves,Beauty,320.82
PROD_371,term,Home,549.97
PROD_372,list,Fashion,515.4
PROD_373,everyone,Electronics,132.1
PROD_374,various,Sports,230.84
PROD_375,past,Electronics,768.3
PROD_376,student,Beauty,484.57
PROD_377,special,Fashion,955.87
PROD_378,eight,Beauty,379.95
PROD_379,price,Home,64.98
PROD_380,seek,Sports,133.7
PROD_381,exactly,Sports,686.19
PROD_382,show,Sports,751.61
PROD_383,region,Sports,81.97
PROD_384,language,Fashion,82.67
PROD_385,condition,Electronics,855.04
PROD_386,sport,Beauty,744.88
PROD_387,religious,Electronics,163.4
PROD_388,rule,Beauty,45.26
PROD_389,worry,Home,211.02
PROD_390,even,Electronics,350.63
PROD_391,father,Sports,643.98
PROD_392,budget,Beauty,902.08
PROD_393,week,Home,620.53
PROD_394,decision,Electronics,738.69
PROD_395,expect,Electronics,340.61
PROD_396,billion,Sports,715.57
PROD_397,left,Beauty,211.57
PROD_398,more,Sports,241.54
PROD_399,letter,Beauty,566.74
PROD_400,space,Electronics,876.98
PROD_401,artist,Sports,646.28
PROD_402,artist,Sports,59.86
PROD_403,feeling,Beauty,450.46
PROD_404,practice,Home,136.41
PROD_405,bed,Beauty,203.92
PROD_406,message,Home,726.54
PROD_407,exactly,Fashion,860.19
PROD_408,see,Fashion,889.83
PROD_409,ask,Beauty,673.58
PROD_410,school,Sports,677.43
PROD_411,possible,Beauty,428.25
PROD_412,medical,Electronics,554.57
PROD_413,position,Fashion,926.46
PROD_414,describe,Fashion,203.0
PROD_415,should,Beauty,666.05
PROD_416,seat,Beauty,255.38
PROD_417,imagine,Beauty,524.63
PROD_418,necessary,Beauty,280.79
PROD_419,interesting,Beauty,838.94
PROD_420,every,Fashion,35.93
PROD_421,room,Fashion,140.96
PROD_422,upon,Fashion,441.21
PROD_423,mention,Sports,649.57
PROD_424,boy,Fashion,391.6
PROD_425,at,Beauty,723.61
PROD_426,discuss,Fashion,883.52
PROD_427,standard,Fashion,875.36
PROD_428,nothing,Fashion,244.11
PROD_429,everyone,Home,217.46
PROD_430,network,Home,896.13
PROD_431,family,Sports,866.94
PROD_432,represent,Beauty,599.42
PROD_433,at,Home,76.96
PROD_434,seem,Home,238.53
PROD_435,between,Electronics,422.42
PROD_436,company,Home,667.72
PROD_437,its,Fashion,996.1
PROD_438,plan,Sports,238.73
PROD_439,any,Fashion,358.42
PROD_440,maybe,Fashion,311.47
PROD_441,race,Fashion,840.42
PROD_442,order,Sports,300.64
PROD_443,east,Beauty,75.19
PROD_444,detail,Electronics,96.77
PROD_445,bag,Fashion,319.57
PROD_446,total,Home,534.14
PROD_447,grow,Electronics,74.37
PROD_448,important,Home,127.39
PROD_449,always,Electronics,145.18
PROD_450,various,Beauty,686.12
PROD_451,box,Fashion,929.58
PROD_452,allow,Electronics,541.69
PROD_453,probably,Beauty,530.34
PROD_454,every,Sports,123.84
PROD_455,over,Fashion,308.38
PROD_456,safe,Home,292.52
PROD_457,leave,Electronics,294.93
PROD_458,meeting,Electronics,754.76
PROD_459,nearly,Fashion,130.56
PROD_460,prove,Fashion,648.43
PROD_461,surface,Sports,634.66
PROD_462,enjoy,Home,862.62
PROD_463,garden,Fashion,949.42
PROD_464,country,Electronics,178.98
PROD_465,get,Fashion,418.18
PROD_466,piece,Sports,938.28
PROD_467,east,Fashion,760.01
PROD_468,from,Electronics,389.25
PROD_469,free,Home,256.24
PROD_470,security,Home,55.81
PROD_471,whom,Beauty,934.66
PROD_472,shake,Sports,751.49
PROD_473,or,Beauty,46.5
PROD_474,because,Electronics,203.97
PROD_475,force,Sports,273.98
PROD_476,practice,Home,915.83
PROD_477,surface,Beauty,604.03
PROD_478,whether,Beauty,261.28
PROD_479,black,Beauty,578.23
PROD_480,administration,Fashion,466.71
PROD_481,federal,Sports,729.77
PROD_482,company,Sports,586.95
PROD_483,why,Electronics,141.77
PROD_484,once,Sports,909.71
PROD_485,government,Sports,453.03
PROD_486,now,Electronics,78.95
PROD_487,decade,Electronics,839.77
PROD_488,how,Fashion,17.59
PROD_489,onto,Electronics,390.98
PROD_490,person,Sports,250.93
PROD_491,tree,Fashion,311.75
PROD_492,rest,Fashion,448.28
PROD_493,wonder,Sports,329.45
PROD_494,music,Home,710.11
PROD_495,enough,Sports,247.03
PROD_496,song,Electronics,945.7
PROD_497,out,Sports,834.82
PROD_498,really,Home,691.12
PROD_499,join,Fashion,732.7
PROD_500,special,Beauty,215.7
PROD_501,can,Beauty,73.41
PROD_502,process,Fashion,949.75
PROD_503,continue,Fashion,614.47
PROD_504,section,Electronics,671.64
PROD_505,method,Fashion,158.22
PROD_506,far,Fashion,747.53
PROD_507,thank,Electronics,137.69
PROD_508,local,Beauty,826.7
PROD_509,against,Beauty,444.73
PROD_510,according,Beauty,984.5
PROD_511,nearly,Home,100.06
PROD_512,hard,Electronics,209.86
PROD_513,authority,Sports,416.71
PROD_514,some,Home,784.12
PROD_515,too,Fashion,682.04
PROD_516,any,Home,821.42
PROD_517,avoid,Beauty,656.26
PROD_518,car,Electronics,547.38
PROD_519,subject,Fashion,337.86
PROD_520,by,Fashion,417.85
PROD_521,ten,Fashion,633.0
PROD_522,bank,Home,238.54
PROD_523,off,Fashion,813.64
PROD_524,degree,Home,677.74
PROD_525,bring,Electronics,393.78
PROD_526,administration,Beauty,808.51
PROD_527,day,Electronics,883.9
PROD_528,mission,Fashion,994.88
PROD_529,sister,Beauty,734.09
PROD_530,newspaper,Beauty,213.43
PROD_531,if,Fashion,627.68
PROD_532,your,Home,680.45
PROD_533,you,Beauty,990.88
PROD_534,sense,Electronics,817.41
PROD_535,sound,Sports,429.73
PROD_536,friend,Fashion,106.63
PROD_537,approach,Fashion,921.91
PROD_538,son,Fashion,660.8
PROD_539,that,Home,834.85
PROD_540,politics,Fashion,396.76
PROD_541,general,Beauty,405.1
PROD_542,amount,Beauty,424.29
PROD_543,protect,Home,658.93
PROD_544,else,Sports,564.89
PROD_545,role,Electronics,126.59
PROD_546,station,Sports,110.35
PROD_547,writer,Sports,227.86
PROD_548,far,Sports,476.68
PROD_549,seat,Home,449.79
PROD_550,traditional,Electronics,810.95
PROD_551,physical,Beauty,423.17
PROD_552,small,Sports,159.48
PROD_553,window,Fashion,878.43
PROD_554,address,Fashion,309.0
PROD_555,long,Sports,654.26
PROD_556,administration,Beauty,900.08
PROD_557,travel,Fashion,896.24
PROD_558,general,Sports,630.41
PROD_559,send,Electronics,626.88
PROD_560,after,Beauty,324.08
PROD_561,will,Sports,284.47
PROD_562,art,Fashion,982.98
PROD_563,section,Fashion,813.04
PROD_564,rest,Home,447.86
PROD_565,citizen,Beauty,51.0
PROD_566,support,Home,288.28
PROD_567,most,Home,142.73
PROD_568,long,Electronics,274.05
PROD_569,land,Home,340.3
PROD_570,accept,Home,556.42
PROD_571,school,Fashion,402.23
PROD_572,owner,Fashion,604.32
PROD_573,subject,Sports,54.65
PROD_574,language,Beauty,364.91
PROD_575,kitchen,Beauty,639.92
PROD_576,consumer,Beauty,832.72
PROD_577,cut,Fashion,560.81
PROD_578,each,Fashion,660.16
PROD_579,right,Beauty,108.93
PROD_580,face,Fashion,532.77
PROD_581,leave,Home,703.86
PROD_582,instead,Fashion,12.93
PROD_583,discussion,Electronics,191.89
PROD_584,popular,Sports,356.06
PROD_585,future,Home,675.78
PROD_586,enjoy,Beauty,426.41
PROD_587,create,Electronics,459.92
PROD_588,feeling,Sports,328.68
PROD_589,send,Electronics,661.2
PROD_590,someone,Beauty,688.71
PROD_591,trial,Electronics,24.41
PROD_592,inside,Fashion,218.12
PROD_593,happen,Fashion,403.63
PROD_594,party,Sports,85.78
PROD_595,specific,Sports,361.02
PROD_596,economic,Home,230.88
PROD_597,every,Beauty,872.58
PROD_598,much,Home,923.5
PROD_599,financial,Sports,83.99
PROD_600,after,Beauty,430.34
PROD_601,respond,Electronics,865.5
PROD_602,against,Fashion,48.69
PROD_603,rock,Home,815.81
PROD_604,report,Fashion,704.78
PROD_605,debate,Beauty,24.78
PROD_606,production,Home,449.92
PROD_607,detail,Home,810.95
PROD_608,everybody,Sports,450.65
PROD_609,center,Beauty,491.05
PROD_610,suddenly,Electronics,133.8
PROD_611,on,Fashion,734.22
PROD_612,base,Beauty,817.68
PROD_613,audience,Beauty,95.8
PROD_614,girl,Sports,680.06
PROD_615,education,Sports,97.96
PROD_616,local,Sports,28.16
PROD_617,cut,Fashion,351.05
PROD_618,treat,Electronics,684.13
PROD_619,matter,Home,934.01
PROD_620,scene,Home,245.23
PROD_621,for,Beauty,910.96
PROD_622,size,Sports,278.74
PROD_623,line,Fashion,345.39
PROD_624,force,Home,943.71
PROD_625,necessary,Home,209.42
PROD_626,marriage,Fashion,501.23
PROD_627,crime,Home,558.83
PROD_628,time,Electronics,757.2
PROD_629,plant,Home,451.06
PROD_630,inside,Sports,65.37
PROD_631,design,Electronics,64.74
PROD_632,cost,Home,516.42
PROD_633,standard,Home,210.55
PROD_634,international,Fashion,391.92
PROD_635,these,Beauty,52.93
PROD_636,operation,Sports,932.67
PROD_637,lay,Home,136.15
PROD_638,all,Sports,68.93
PROD_639,high,Beauty,799.18
PROD_640,season,Home,150.16
PROD_641,remember,Beauty,526.49
PROD_642,goal,Electronics,360.66
PROD_643,understand,Beauty,174.93
PROD_644,personal,Fashion,556.08
PROD_645,sense,Fashion,859.62
PROD_646,involve,Electronics,41.37
PROD_647,test,Beauty,760.32
PROD_648,call,Home,733.4
PROD_649,system,Sports,626.92
PROD_650,study,Electronics,143.62
PROD_651,stay,Home,434.5
PROD_652,federal,Fashion,36.28
PROD_653,food,Electronics,272.74
PROD_654,wait,Fashion,983.74
PROD_655,mission,Electronics,231.9
PROD_656,dream,Home,455.48
PROD_657,about,Home,115.33
PROD_658,area,Electronics,865.92
PROD_659,test,Home,995.61
PROD_660,ability,Fashion,679.11
PROD_661,big,Beauty,504.42
PROD_662,account,Beauty,331.07
PROD_663,clear,Electronics,840.06
PROD_664,miss,Beauty,533.91
PROD_665,determine,Home,327.96
PROD_666,family,Sports,496.37
PROD_667,data,Home,118.0
PROD_668,couple,Electronics,664.73
PROD_669,couple,Electronics,238.64
PROD_670,rich,Sports,282.52
PROD_671,forget,Beauty,131.86
PROD_672,glass,Fashion,760.36
PROD_673,Republican,Electronics,731.49
PROD_674,report,Sports,548.06
PROD_675,bring,Electronics,238.37
PROD_676,environment,Beauty,245.07
PROD_677,each,Electronics,443.41
PROD_678,someone,Home,332.96
PROD_679,consider,Fashion,938.05
PROD_680,knowledge,Sports,761.48
PROD_681,out,Fashion,508.2
PROD_682,into,Fashion,215.32
PROD_683,sound,Beauty,725.88
PROD_684,perform,Home,958.32
PROD_685,evidence,Sports,235.97
PROD_686,yet,Beauty,768.89
PROD_687,car,Fashion,955.97
PROD_688,among,Beauty,719.24
PROD_689,kind,Fashion,191.32
PROD_690,offer,Electronics,916.77
PROD_691,she,Home,598.86
PROD_692,chance,Sports,516.21
PROD_693,board,Sports,756.53
PROD_694,magazine,Beauty,707.37
PROD_695,here,Beauty,896.73
PROD_696,space,Sports,383.48
PROD_697,record,Sports,899.66
PROD_698,attention,Electronics,207.26
PROD_699,former,Fashion,642.52
PROD_700,outside,Beauty,427.36
PROD_701,measure,Electronics,491.33
PROD_702,sort,Beauty,686.22
PROD_703,box,Sports,763.94
PROD_704,although,Fashion,786.16
PROD_705,face,Beauty,271.26
PROD_706,fast,Electronics,68.32
PROD_707,city,Beauty,339.95
PROD_708,raise,Home,98.5
PROD_709,thousand,Beauty,856.68
PROD_710,that,Fashion,863.58
PROD_711,notice,Beauty,720.83
PROD_712,really,Fashion,769.41
PROD_713,television,Electronics,857.23
PROD_714,value,Home,922.82
PROD_715,light,Home,735.91
PROD_716,person,Beauty,415.07
PROD_717,able,Beauty,517.37
PROD_718,everybody,Fashion,762.1
PROD_719,movie,Beauty,192.46
PROD_720,nice,Electronics,594.41
PROD_721,level,Fashion,130.02
PROD_722,computer,Sports,211.35
PROD_723,necessary,Home,579.67
PROD_724,politics,Sports,688.07
PROD_725,newspaper,Electronics,420.4
PROD_726,camera,Beauty,893.9
PROD_727,when,Sports,696.94
PROD_728,sing,Fashion,813.92
PROD_729,go,Sports,191.55
PROD_730,already,Fashion,835.87
PROD_731,step,Fashion,918.5
PROD_732,watch,Sports,910.55
PROD_733,receive,Sports,690.78
PROD_734,listen,Fashion,893.97
PROD_735,body,Electronics,428.16
PROD_736,marriage,Electronics,991.58
PROD_737,research,Beauty,348.06
PROD_738,imagine,Beauty,380.77
PROD_739,when,Beauty,68.82
PROD_740,get,Electronics,895.03
PROD_741,summer,Fashion,389.27
PROD_742,individual,Sports,889.51
PROD_743,add,Fashion,763.08
PROD_744,economy,Electronics,942.82
PROD_745,partner,Beauty,180.73
PROD_746,me,Beauty,598.06
PROD_747,everyone,Sports,456.12
PROD_748,field,Fashion,242.07
PROD_749,sit,Fashion,645.7
PROD_750,I,Sports,876.46
PROD_751,security,Sports,528.0
PROD_752,reason,Home,92.93
PROD_753,agency,Home,143.22
PROD_754,sound,Sports,244.23
PROD_755,hundred,Beauty,314.36
PROD_756,toward,Electronics,324.68
PROD_757,now,Electronics,500.64
PROD_758,wide,Beauty,399.23
PROD_759,president,Home,177.07
PROD_760,myself,Home,219.33
PROD_761,according,Sports,736.64
PROD_762,computer,Beauty,516.55
PROD_763,wall,Fashion,562.65
PROD_764,hour,Fashion,823.51
PROD_765,do,Home,417.37
PROD_766,front,Electronics,145.07
PROD_767,admit,Electronics,712.39
PROD_768,generation,Home,722.74
PROD_769,discuss,Fashion,15.92
PROD_770,traditional,Sports,688.64
PROD_771,just,Sports,306.65
PROD_772,remain,Beauty,222.48
PROD_773,partner,Home,285.03
PROD_774,standard,Sports,289.04
PROD_775,example,Sports,77.5
PROD_776,political,Electronics,291.43
PROD_777,fly,Fashion,769.7
PROD_778,already,Sports,230.84
PROD_779,worker,Home,132.74
PROD_780,there,Fashion,668.46
PROD_781,on,Beauty,602.37
PROD_782,process,Beauty,964.96
PROD_783,must,Sports,112.35
PROD_784,business,Fashion,381.95
PROD_785,time,Home,859.26
PROD_786,film,Home,467.63
PROD_787,responsibility,Electronics,416.14
PROD_788,attack,Fashion,112.73
PROD_789,research,Electronics,190.45
PROD_790,kid,Electronics,822.06
PROD_791,maybe,Home,335.17
PROD_792,people,Beauty,566.66
PROD_793,lose,Beauty,473.7
PROD_794,why,Sports,571.86
PROD_795,until,Fashion,295.23
PROD_796,friend,Home,232.77
PROD_797,after,Beauty,413.55
PROD_798,detail,Electronics,346.97
PROD_799,city,Fashion,97.61
PROD_800,debate,Electronics,819.52
PROD_801,reduce,Fashion,534.23
PROD_802,sell,Electronics,951.81
PROD_803,state,Fashion,40.07
PROD_804,wife,Fashion,631.84
PROD_805,clearly,Home,100.12
PROD_806,best,Sports,385.32
PROD_807,near,Home,587.38
PROD_808,field,Home,192.73
PROD_809,expert,Sports,238.85
PROD_810,effect,Beauty,174.52
PROD_811,effect,Fashion,853.83
PROD_812,field,Fashion,915.02
PROD_813,thus,Home,542.79
PROD_814,Mrs,Fashion,939.59
PROD_815,various,Electronics,347.17
PROD_816,away,Beauty,59.02
PROD_817,huge,Electronics,370.67
PROD_818,assume,Home,291.17
PROD_819,tell,Home,346.22
PROD_820,fight,Sports,923.6
PROD_821,myself,Fashion,48.62
PROD_822,church,Home,340.74
PROD_823,sign,Electronics,704.72
PROD_824,question,Beauty,439.51
PROD_825,marriage,Beauty,203.48
PROD_826,difficult,Electronics,723.71
PROD_827,strategy,Beauty,246.31
PROD_828,blood,Electronics,247.59
PROD_829,get,Electronics,446.56
PROD_830,many,Beauty,617.66
PROD_831,night,Beauty,138.71
PROD_832,land,Fashion,971.21
PROD_833,now,Home,327.37
PROD_834,discover,Sports,604.91
PROD_835,charge,Electronics,703.69
PROD_836,ball,Fashion,220.11
PROD_837,employee,Sports,928.12
PROD_838,page,Electronics,176.86
PROD_839,interesting,Electronics,35.58
PROD_840,guess,Fashion,673.98
PROD_841,cell,Fashion,84.32
PROD_842,address,Sports,483.46
PROD_843,goal,Home,209.78
PROD_844,talk,Fashion,671.32
PROD_845,peace,Fashion,269.67
PROD_846,on,Sports,429.58
PROD_847,care,Sports,37.83
PROD_848,protect,Fashion,874.43
PROD_849,including,Electronics,606.14
PROD_850,owner,Electronics,800.84
PROD_851,of,Home,939.22
PROD_852,part,Home,431.94
PROD_853,shoulder,Electronics,313.78
PROD_854,close,Electronics,956.4
PROD_855,friend,Beauty,812.7
PROD_856,land,Fashion,210.25
PROD_857,young,Sports,244.78
PROD_858,oil,Electronics,706.1
PROD_859,available,Home,951.88
PROD_860,pressure,Sports,321.89
PROD_861,first,Electronics,240.51
PROD_862,walk,Beauty,558.17
PROD_863,light,Fashion,67.22
PROD_864,instead,Sports,389.57
PROD_865,news,Home,51.17
PROD_866,again,Sports,350.81
PROD_867,experience,Sports,584.23
PROD_868,word,Fashion,873.62
PROD_869,family,Home,630.01
PROD_870,water,Beauty,331.11
PROD_871,seem,Sports,327.17
PROD_872,she,Electronics,545.01
PROD_873,record,Electronics,297.3
PROD_874,environmental,Fashion,871.07
PROD_875,in,Sports,269.7
PROD_876,focus,Home,68.79
PROD_877,talk,Beauty,387.83
PROD_878,her,Sports,352.61
PROD_879,person,Fashion,66.77
PROD_880,tough,Electronics,267.58
PROD_881,traditional,Electronics,824.06
PROD_882,nation,Sports,209.32
PROD_883,gun,Electronics,425.75
PROD_884,nice,Fashion,916.3
PROD_885,get,Sports,799.33
PROD_886,production,Beauty,464.48
PROD_887,design,Fashion,897.81
PROD_888,send,Home,626.96
PROD_889,indicate,Sports,775.81
PROD_890,bed,Fashion,466.42
PROD_891,office,Sports,43.01
PROD_892,despite,Beauty,33.28
PROD_893,challenge,Home,124.98
PROD_894,take,Beauty,720.69
PROD_895,particularly,Beauty,134.85
PROD_896,program,Home,63.02
PROD_897,list,Home,229.02
PROD_898,sell,Home,588.39
PROD_899,cut,Electronics,701.42
PROD_900,meet,Electronics,439.49
PROD_901,through,Home,955.52
PROD_902,on,Beauty,481.78
PROD_903,foreign,Electronics,771.78
PROD_904,what,Home,947.14
PROD_905,same,Fashion,674.22
PROD_906,interview,Fashion,820.06
PROD_907,strategy,Sports,44.78
PROD_908,reason,Fashion,601.08
PROD_909,also,Home,821.67
PROD_910,treat,Fashion,762.01
PROD_911,above,Fashion,690.46
PROD_912,trip,Beauty,451.94
PROD_913,north,Electronics,495.62
PROD_914,at,Electronics,389.75
PROD_915,base,Home,879.97
PROD_916,style,Beauty,597.38
PROD_917,become,Electronics,874.31
PROD_918,exactly,Electronics,333.79
PROD_919,TV,Sports,549.67
PROD_920,song,Sports,233.85
PROD_921,against,Fashion,656.57
PROD_922,name,Sports,338.48
PROD_923,season,Beauty,454.42
PROD_924,wonder,Beauty,545.37
PROD_925,argue,Home,741.2
PROD_926,arrive,Fashion,371.95
PROD_927,herself,Home,136.63
PROD_928,look,Sports,848.12
PROD_929,meet,Sports,585.54
PROD_930,book,Fashion,234.2
PROD_931,it,Home,884.96
PROD_932,late,Sports,225.15
PROD_933,some,Home,888.13
PROD_934,example,Home,880.06
PROD_935,law,Sports,611.58
PROD_936,ok,Beauty,920.62
PROD_937,seat,Home,785.62
PROD_938,group,Sports,400.03
PROD_939,reality,Fashion,176.54
PROD_940,leader,Home,606.5
PROD_941,take,Beauty,472.07
PROD_942,although,Sports,897.28
PROD_943,discussion,Fashion,255.53
PROD_944,good,Electronics,121.04
PROD_945,seem,Beauty,414.31
PROD_946,entire,Home,269.99
PROD_947,business,Beauty,435.94
PROD_948,might,Fashion,282.98
PROD_949,perform,Beauty,891.21
PROD_950,charge,Electronics,340.35
PROD_951,dinner,Beauty,323.33
PROD_952,call,Electronics,704.07
PROD_953,role,Fashion,299.58
PROD_954,pretty,Sports,947.32
PROD_955,letter,Fashion,985.89
PROD_956,kid,Sports,371.74
PROD_957,with,Sports,807.87
PROD_958,popular,Beauty,119.48
PROD_959,sign,Sports,56.79
PROD_960,may,Home,365.14
PROD_961,able,Fashion,913.87
PROD_962,fly,Fashion,245.44
PROD_963,final,Beauty,101.71
PROD_964,run,Beauty,496.61
PROD_965,off,Sports,806.84
PROD_966,national,Electronics,455.23
PROD_967,father,Beauty,256.8
PROD_968,our,Electronics,178.93
PROD_969,so,Home,842.51
PROD_970,husband,Beauty,990.01
PROD_971,decision,Electronics,890.95
PROD_972,really,Beauty,812.03
PROD_973,economic,Electronics,949.56
PROD_974,say,Sports,812.28
PROD_975,couple,Home,981.54
PROD_976,law,Sports,404.49
PROD_977,thing,Beauty,599.26
PROD_978,event,Beauty,986.38
PROD_979,lawyer,Fashion,385.94
PROD_980,believe,Beauty,488.83
PROD_981,get,Sports,163.26
PROD_982,school,Beauty,799.9
PROD_983,paper,Fashion,260.08
PROD_984,window,Beauty,347.1
PROD_985,population,Sports,407.58
PROD_986,what,Fashion,411.25
PROD_987,he,Beauty,379.69
PROD_988,where,Electronics,399.87
PROD_989,sister,Beauty,346.68
PROD_990,everything,Electronics,766.3
PROD_991,suffer,Home,832.83
PROD_992,affect,Fashion,890.05
PROD_993,too,Sports,184.52
PROD_994,always,Home,631.77
PROD_995,among,Beauty,905.72
PROD_996,player,Beauty,361.96
PROD_997,especially,Beauty,448.21
PROD_998,do,Sports,948.33
PROD_999,against,Beauty,470.86
PROD_1000,anything,Sports,87.54
PROD_1001,tax,Electronics,955.41
PROD_1002,hand,Fashion,892.68
PROD_1003,rather,Sports,464.01
PROD_1004,thousand,Electronics,293.13
PROD_1005,whatever,Electronics,348.61
PROD_1006,collection,Beauty,535.16
PROD_1007,him,Sports,826.06
PROD_1008,bring,Beauty,711.63
PROD_1009,step,Beauty,560.15
PROD_1010,to,Beauty,356.04
PROD_1011,adult,Home,801.92
PROD_1012,agent,Electronics,166.43
PROD_1013,explain,Home,894.09
PROD_1014,large,Electronics,31.41
PROD_1015,happy,Beauty,294.61
PROD_1016,now,Sports,462.8
PROD_1017,two,Sports,672.46
PROD_1018,buy,Fashion,835.95
PROD_1019,follow,Sports,379.39
PROD_1020,according,Electronics,172.35
PROD_1021,threat,Fashion,669.65
PROD_1022,scientist,Sports,932.03
PROD_1023,amount,Home,118.24
PROD_1024,no,Electronics,36.03
PROD_1025,put,Fashion,106.49
PROD_1026,course,Electronics,504.12
PROD_1027,force,Home,434.9
PROD_1028,morning,Fashion,349.47
PROD_1029,can,Fashion,869.73
PROD_1030,condition,Fashion,748.44
PROD_1031,degree,Home,991.23
PROD_1032,run,Electronics,679.03
PROD_1033,lot,Electronics,577.55
PROD_1034,but,Fashion,74.36
PROD_1035,out,Beauty,136.27
PROD_1036,interest,Fashion,452.09
PROD_1037,food,Home,403.26
PROD_1038,smile,Home,221.97
PROD_1039,guess,Fashion,458.86
PROD_1040,million,Sports,33.07
PROD_1041,Democrat,Electronics,774.8
PROD_1042,attention,Home,67.08
PROD_1043,set,Beauty,649.56
PROD_1044,artist,Sports,177.16
PROD_1045,human,Electronics,161.59
PROD_1046,pretty,Electronics,318.05
PROD_1047,ground,Beauty,802.6
PROD_1048,east,Home,515.01
PROD_1049,rate,Home,215.2
PROD_1050,Mr,Sports,95.66
PROD_1051,stand,Fashion,390.44
PROD_1052,song,Electronics,772.86
PROD_1053,hear,Beauty,339.21
PROD_1054,time,Home,614.25
PROD_1055,anything,Fashion,764.02
PROD_1056,step,Home,633.16
PROD_1057,toward,Home,441.55
PROD_1058,kind,Fashion,921.43
PROD_1059,relationship,Beauty,389.35
PROD_1060,concern,Beauty,470.4
PROD_1061,stop,Electronics,405.88
PROD_1062,score,Beauty,825.69
PROD_1063,grow,Sports,288.08
PROD_1064,write,Beauty,69.16
PROD_1065,low,Beauty,915.63
PROD_1066,too,Electronics,93.16
PROD_1067,face,Beauty,661.77
PROD_1068,may,Electronics,173.35
PROD_1069,personal,Home,593.78
PROD_1070,rock,Sports,908.96
PROD_1071,drug,Beauty,471.73
PROD_1072,man,Beauty,543.82
PROD_1073,some,Electronics,863.52
PROD_1074,brother,Beauty,140.98
PROD_1075,level,Electronics,815.25
PROD_1076,authority,Home,485.08
PROD_1077,table,Electronics,293.72
PROD_1078,forward,Beauty,700.91
PROD_1079,type,Fashion,799.79
PROD_1080,little,Fashion,216.29
PROD_1081,art,Beauty,142.49
PROD_1082,pretty,Home,520.27
PROD_1083,late,Beauty,509.28
PROD_1084,close,Home,268.37
PROD_1085,medical,Beauty,138.98
PROD_1086,purpose,Electronics,202.17
PROD_1087,item,Fashion,366.62
PROD_1088,thought,Home,247.29
PROD_1089,however,Home,31.19
PROD_1090,attack,Beauty,905.06
PROD_1091,no,Fashion,962.05
PROD_1092,understand,Beauty,163.0
PROD_1093,after,Beauty,85.73
PROD_1094,idea,Beauty,470.12
PROD_1095,forward,Home,68.1
PROD_1096,argue,Home,157.85
PROD_1097,week,Electronics,865.22
PROD_1098,traditional,Electronics,386.11
PROD_1099,price,Fashion,40.78
PROD_1100,growth,Sports,99.66
PROD_1101,leave,Electronics,668.43
PROD_1102,land,Sports,857.83
PROD_1103,main,Home,387.79
PROD_1104,young,Sports,541.53
PROD_1105,environment,Fashion,361.83
PROD_1106,stage,Fashion,884.8
PROD_1107,happy,Electronics,885.74
PROD_1108,a,Beauty,18.6
PROD_1109,beyond,Home,305.68
PROD_1110,full,Sports,423.97
PROD_1111,forget,Beauty,685.03
PROD_1112,race,Electronics,926.8
PROD_1113,show,Home,215.54
PROD_1114,generation,Beauty,279.69
PROD_1115,painting,Fashion,95.77
PROD_1116,Republican,Fashion,506.6
PROD_1117,he,Home,143.63
PROD_1118,health,Sports,370.09
PROD_1119,off,Beauty,164.74
PROD_1120,no,Fashion,416.64
PROD_1121,charge,Beauty,414.46
PROD_1122,investment,Beauty,623.66
PROD_1123,because,Home,186.96
PROD_1124,free,Fashion,147.15
PROD_1125,begin,Home,52.84
PROD_1126,practice,Sports,560.66
PROD_1127,process,Fashion,489.41
PROD_1128,new,Sports,324.94
PROD_1129,service,Fashion,65.91
PROD_1130,plant,Home,626.81
PROD_1131,way,Home,188.96
PROD_1132,arm,Beauty,820.99
PROD_1133,sense,Beauty,911.11
PROD_1134,space,Electronics,699.99
PROD_1135,first,Home,986.05
PROD_1136,main,Sports,651.6
PROD_1137,despite,Beauty,188.34
PROD_1138,scientist,Beauty,119.8
PROD_1139,name,Sports,301.86
PROD_1140,how,Fashion,538.07
PROD_1141,compare,Beauty,785.94
PROD_1142,early,Electronics,307.48
PROD_1143,only,Fashion,203.0
PROD_1144,maintain,Fashion,935.81
PROD_1145,important,Fashion,177.52
PROD_1146,risk,Fashion,266.26
PROD_1147,week,Electronics,154.12
PROD_1148,would,Sports,818.18
PROD_1149,activity,Sports,81.19
PROD_1150,film,Electronics,814.39
PROD_1151,whatever,Beauty,492.79
PROD_1152,authority,Beauty,944.86
PROD_1153,detail,Fashion,745.83
PROD_1154,throughout,Beauty,499.2
PROD_1155,father,Home,531.11
PROD_1156,training,Electronics,600.23
PROD_1157,chance,Fashion,544.48
PROD_1158,provide,Beauty,793.08
PROD_1159,world,Electronics,335.77
PROD_1160,read,Sports,342.8
PROD_1161,expect,Home,499.99
PROD_1162,huge,Sports,893.07
PROD_1163,consider,Beauty,185.5
PROD_1164,society,Sports,50.24
PROD_1165,process,Beauty,694.6
PROD_1166,finish,Home,796.09
PROD_1167,before,Beauty,542.14
PROD_1168,different,Sports,861.32
PROD_1169,large,Beauty,949.28
PROD_1170,enjoy,Electronics,653.84
PROD_1171,brother,Sports,866.13
PROD_1172,billion,Home,46.8
PROD_1173,Democrat,Beauty,990.26
PROD_1174,relationship,Electronics,357.77
PROD_1175,thank,Sports,220.26
PROD_1176,beat,Home,607.35
PROD_1177,fight,Fashion,342.53
PROD_1178,who,Electronics,589.45
PROD_1179,tonight,Home,485.59
PROD_1180,suddenly,Sports,799.6
PROD_1181,black,Sports,522.2
PROD_1182,new,Beauty,698.4
PROD_1183,eye,Electronics,998.54
PROD_1184,treatment,Fashion,412.62
PROD_1185,listen,Electronics,898.17
PROD_1186,situation,Beauty,71.56
PROD_1187,above,Fashion,342.67
PROD_1188,blue,Beauty,993.79
PROD_1189,anything,Electronics,958.31
PROD_1190,soldier,Beauty,761.82
PROD_1191,baby,Beauty,274.62
PROD_1192,fight,Sports,200.83
PROD_1193,return,Electronics,396.46
PROD_1194,development,Home,95.27
PROD_1195,place,Fashion,310.13
PROD_1196,should,Fashion,979.36
PROD_1197,discover,Electronics,216.33
PROD_1198,need,Home,985.55
PROD_1199,few,Electronics,927.48
PROD_1200,structure,Sports,701.5
PROD_1201,mouth,Sports,316.75
PROD_1202,machine,Home,984.12
PROD_1203,would,Electronics,167.53
PROD_1204,miss,Beauty,352.73
PROD_1205,technology,Home,659.84
PROD_1206,among,Beauty,955.8
PROD_1207,close,Fashion,229.13
PROD_1208,tree,Home,822.68
PROD_1209,hair,Beauty,833.27
PROD_1210,can,Sports,74.43
PROD_1211,skill,Home,579.2
PROD_1212,feeling,Home,161.08
PROD_1213,color,Fashion,897.15
PROD_1214,section,Sports,644.72
PROD_1215,already,Sports,509.93
PROD_1216,win,Sports,72.22
PROD_1217,cut,Sports,331.0
PROD_1218,there,Electronics,170.06
PROD_1219,affect,Beauty,763.44
PROD_1220,one,Sports,420.44
PROD_1221,writer,Electronics,362.37
PROD_1222,system,Electronics,781.0
PROD_1223,image,Fashion,88.2
PROD_1224,teacher,Beauty,671.2
PROD_1225,him,Home,536.7
PROD_1226,force,Electronics,769.08
PROD_1227,work,Sports,209.03
PROD_1228,green,Beauty,371.74
PROD_1229,make,Home,188.89
PROD_1230,different,Home,299.88
PROD_1231,market,Sports,454.92
PROD_1232,responsibility,Fashion,592.79
PROD_1233,few,Beauty,88.5
PROD_1234,morning,Sports,437.98
PROD_1235,foreign,Home,386.62
PROD_1236,tend,Sports,637.67
PROD_1237,author,Home,172.57
PROD_1238,station,Sports,751.24
PROD_1239,different,Home,861.15
PROD_1240,organization,Sports,606.02
PROD_1241,between,Beauty,512.39
PROD_1242,name,Home,278.08
PROD_1243,laugh,Sports,356.47
PROD_1244,certain,Beauty,931.42
PROD_1245,what,Beauty,131.57
PROD_1246,discussion,Beauty,199.02
PROD_1247,local,Beauty,838.14
PROD_1248,build,Home,809.93
PROD_1249,draw,Fashion,300.94
PROD_1250,maintain,Beauty,905.54
PROD_1251,though,Sports,977.98
PROD_1252,peace,Sports,175.2
PROD_1253,however,Home,23.96
PROD_1254,order,Fashion,223.78
PROD_1255,commercial,Sports,450.33
PROD_1256,eight,Fashion,877.25
PROD_1257,suddenly,Fashion,257.37
PROD_1258,assume,Fashion,28.4
PROD_1259,another,Sports,743.75
PROD_1260,add,Beauty,140.54
PROD_1261,worker,Beauty,213.05
PROD_1262,set,Electronics,312.53
PROD_1263,happen,Home,349.42
PROD_1264,what,Fashion,438.25
PROD_1265,material,Fashion,399.94
PROD_1266,believe,Electronics,242.96
PROD_1267,nice,Fashion,964.38
PROD_1268,past,Electronics,216.59
PROD_1269,just,Fashion,188.55
PROD_1270,town,Electronics,636.9
PROD_1271,news,Beauty,781.35
PROD_1272,prevent,Home,763.42
PROD_1273,yet,Beauty,931.07
PROD_1274,garden,Beauty,269.51
PROD_1275,time,Electronics,137.17
PROD_1276,win,Electronics,957.25
PROD_1277,surface,Sports,113.41
PROD_1278,heart,Beauty,399.58
PROD_1279,move,Home,525.15
PROD_1280,state,Fashion,192.31
PROD_1281,role,Beauty,937.02
PROD_1282,write,Home,670.55
PROD_1283,perhaps,Beauty,417.43
PROD_1284,room,Beauty,983.1
PROD_1285,plant,Home,747.07
PROD_1286,ever,Electronics,567.98
PROD_1287,rich,Electronics,840.11
PROD_1288,change,Electronics,604.85
PROD_1289,past,Home,255.27
PROD_1290,such,Fashion,781.1
PROD_1291,report,Sports,773.58
PROD_1292,in,Electronics,796.25
PROD_1293,learn,Home,711.78
PROD_1294,right,Home,294.59
PROD_1295,few,Electronics,484.85
PROD_1296,food,Sports,82.18
PROD_1297,site,Home,244.11
PROD_1298,million,Home,560.51
PROD_1299,necessary,Sports,717.43
PROD_1300,lay,Beauty,99.43
PROD_1301,deep,Electronics,447.16
PROD_1302,radio,Sports,369.57
PROD_1303,gas,Beauty,988.23
PROD_1304,letter,Electronics,411.52
PROD_1305,however,Fashion,710.82
PROD_1306,actually,Sports,522.76
PROD_1307,play,Sports,763.01
PROD_1308,next,Home,163.14
PROD_1309,along,Home,68.51
PROD_1310,claim,Home,657.85
PROD_1311,officer,Electronics,67.91
PROD_1312,only,Home,430.07
PROD_1313,mention,Sports,593.04
PROD_1314,how,Fashion,934.5
PROD_1315,most,Fashion,250.15
PROD_1316,maybe,Electronics,72.97
PROD_1317,situation,Sports,140.28
PROD_1318,much,Sports,608.16
PROD_1319,occur,Home,699.42
PROD_1320,rather,Sports,292.36
PROD_1321,any,Home,470.46
PROD_1322,bank,Electronics,878.19
PROD_1323,cover,Beauty,387.89
PROD_1324,right,Fashion,153.42
PROD_1325,bar,Fashion,662.91
PROD_1326,black,Fashion,955.54
PROD_1327,thousand,Electronics,891.58
PROD_1328,near,Electronics,57.0
PROD_1329,clear,Beauty,530.83
PROD_1330,after,Beauty,668.26
PROD_1331,during,Fashion,562.94
PROD_1332,than,Home,541.83
PROD_1333,face,Home,180.13
PROD_1334,ready,Beauty,623.83
PROD_1335,example,Home,114.96
PROD_1336,civil,Electronics,596.13
PROD_1337,board,Home,56.57
PROD_1338,assume,Fashion,509.22
PROD_1339,since,Home,953.33
PROD_1340,follow,Sports,166.41
PROD_1341,threat,Electronics,878.84
PROD_1342,message,Electronics,199.39
PROD_1343,mention,Fashion,507.05
PROD_1344,view,Fashion,596.25
PROD_1345,out,Sports,375.83
PROD_1346,share,Sports,758.37
PROD_1347,how,Electronics,342.2
PROD_1348,concern,Sports,387.57
PROD_1349,term,Sports,107.05
PROD_1350,letter,Sports,479.01
PROD_1351,church,Fashion,911.63
PROD_1352,building,Sports,625.44
PROD_1353,home,Electronics,342.1
PROD_1354,camera,Electronics,912.21
PROD_1355,south,Electronics,945.18
PROD_1356,figure,Beauty,947.16
PROD_1357,manager,Beauty,739.28
PROD_1358,speak,Fashion,65.09
PROD_1359,common,Electronics,972.87
PROD_1360,simple,Sports,516.52
PROD_1361,much,Home,393.74
PROD_1362,recent,Beauty,984.7
PROD_1363,per,Electronics,620.72
PROD_1364,decade,Sports,460.87
PROD_1365,owner,Electronics,250.4
PROD_1366,reveal,Fashion,244.92
PROD_1367,city,Beauty,441.35
PROD_1368,section,Electronics,282.64
PROD_1369,camera,Beauty,135.78
PROD_1370,letter,Electronics,357.99
PROD_1371,young,Sports,720.2
PROD_1372,popular,Home,206.69
PROD_1373,future,Home,451.39
PROD_1374,necessary,Beauty,846.51
PROD_1375,remember,Home,789.25
PROD_1376,factor,Beauty,497.33
PROD_1377,campaign,Beauty,433.65
PROD_1378,usually,Electronics,319.31
PROD_1379,save,Home,229.31
PROD_1380,Mr,Fashion,642.33
PROD_1381,animal,Home,604.9
PROD_1382,minute,Beauty,942.7
PROD_1383,clear,Beauty,340.98
PROD_1384,worry,Beauty,110.92
PROD_1385,shake,Beauty,802.12
PROD_1386,guess,Beauty,173.77
PROD_1387,form,Sports,454.0
PROD_1388,black,Home,330.96
PROD_1389,wide,Beauty,888.75
PROD_1390,education,Home,677.98
PROD_1391,over,Home,535.3
PROD_1392,away,Fashion,533.85
PROD_1393,structure,Sports,619.5
PROD_1394,foreign,Sports,109.33
PROD_1395,blood,Electronics,719.82
PROD_1396,child,Beauty,126.06
PROD_1397,lay,Home,910.84
PROD_1398,admit,Beauty,930.43
PROD_1399,it,Beauty,642.91
PROD_1400,allow,Electronics,826.25
PROD_1401,computer,Fashion,484.56
PROD_1402,detail,Beauty,583.17
PROD_1403,ok,Sports,486.36
PROD_1404,teach,Home,345.93
PROD_1405,shoulder,Electronics,446.23
PROD_1406,military,Sports,38.45
PROD_1407,do,Electronics,107.56
PROD_1408,never,Home,782.92
PROD_1409,again,Fashion,331.74
PROD_1410,apply,Fashion,890.08
PROD_1411,try,Sports,345.94
PROD_1412,task,Electronics,54.46
PROD_1413,close,Sports,591.05
PROD_1414,much,Beauty,614.86
PROD_1415,but,Beauty,101.04
PROD_1416,put,Fashion,391.88
PROD_1417,enough,Electronics,918.96
PROD_1418,power,Home,262.93
PROD_1419,school,Home,591.38
PROD_1420,peace,Sports,375.94
PROD_1421,few,Sports,384.33
PROD_1422,commercial,Fashion,977.65
PROD_1423,blue,Beauty,377.67
PROD_1424,require,Sports,314.92
PROD_1425,me,Electronics,295.51
PROD_1426,remain,Home,893.24
PROD_1427,sense,Sports,933.37
PROD_1428,feeling,Home,504.6
PROD_1429,director,Sports,902.93
PROD_1430,put,Electronics,55.46
PROD_1431,walk,Home,668.97
PROD_1432,environment,Sports,78.01
PROD_1433,energy,Fashion,702.58
PROD_1434,white,Fashion,149.67
PROD_1435,staff,Fashion,763.02
PROD_1436,role,Home,226.95
PROD_1437,interview,Fashion,246.47
PROD_1438,author,Beauty,450.08
PROD_1439,remember,Sports,717.67
PROD_1440,tell,Beauty,478.44
PROD_1441,tough,Sports,795.13
PROD_1442,control,Beauty,740.31
PROD_1443,another,Beauty,55.39
PROD_1444,family,Home,251.55
PROD_1445,office,Sports,400.05
PROD_1446,moment,Sports,730.1
PROD_1447,administration,Fashion,396.47
PROD_1448,our,Home,641.11
PROD_1449,value,Beauty,149.85
PROD_1450,could,Home,186.08
PROD_1451,music,Sports,840.43
PROD_1452,compare,Beauty,785.29
PROD_1453,sit,Beauty,572.48
PROD_1454,teach,Electronics,686.79
PROD_1455,mother,Home,72.64
PROD_1456,on,Electronics,424.46
PROD_1457,set,Fashion,431.78
PROD_1458,star,Electronics,690.58
PROD_1459,this,Electronics,564.88
PROD_1460,exist,Beauty,772.44
PROD_1461,win,Home,416.52
PROD_1462,check,Electronics,59.96
PROD_1463,rock,Beauty,153.78
PROD_1464,leave,Electronics,714.11
PROD_1465,scientist,Beauty,460.8
PROD_1466,worker,Sports,672.35
PROD_1467,among,Electronics,160.26
PROD_1468,difference,Beauty,327.03
PROD_1469,environment,Home,170.21
PROD_1470,style,Sports,530.71
PROD_1471,star,Home,163.94
PROD_1472,without,Sports,652.34
PROD_1473,agent,Electronics,906.09
PROD_1474,state,Beauty,127.67
PROD_1475,special,Sports,75.84
PROD_1476,memory,Electronics,401.91
PROD_1477,writer,Electronics,324.22
PROD_1478,wait,Home,493.13
PROD_1479,range,Fashion,78.77
PROD_1480,hand,Beauty,403.51
PROD_1481,listen,Beauty,680.97
PROD_1482,camera,Beauty,973.91
PROD_1483,move,Home,380.22
PROD_1484,since,Home,665.49
PROD_1485,talk,Fashion,804.13
PROD_1486,center,Sports,69.4
PROD_1487,hope,Fashion,823.03
PROD_1488,box,Sports,237.51
PROD_1489,coach,Electronics,467.49
PROD_1490,fast,Beauty,994.48
PROD_1491,international,Fashion,641.62
PROD_1492,away,Fashion,367.62
PROD_1493,manager,Fashion,513.7
PROD_1494,different,Sports,615.77
PROD_1495,recent,Home,259.91
PROD_1496,ok,Sports,950.87
PROD_1497,make,Fashion,344.54
PROD_1498,none,Sports,448.18
PROD_1499,argue,Beauty,44.47
PROD_1500,rather,Beauty,307.1
PROD_1501,window,Electronics,890.57
PROD_1502,woman,Beauty,561.69
PROD_1503,clearly,Fashion,133.39
PROD_1504,cause,Beauty,231.21
PROD_1505,people,Sports,27.77
PROD_1506,may,Electronics,403.98
PROD_1507,show,Fashion,762.11
PROD_1508,scientist,Sports,603.82
PROD_1509,production,Beauty,785.65
PROD_1510,responsibility,Sports,413.93
PROD_1511,easy,Electronics,997.75
PROD_1512,challenge,Sports,835.19
PROD_1513,out,Fashion,78.32
PROD_1514,them,Sports,457.62
PROD_1515,civil,Sports,671.65
PROD_1516,theory,Fashion,307.77
PROD_1517,easy,Electronics,294.4
PROD_1518,increase,Beauty,347.67
PROD_1519,course,Fashion,148.28
PROD_1520,after,Sports,982.05
PROD_1521,into,Fashion,304.67
PROD_1522,direction,Sports,574.33
PROD_1523,Democrat,Electronics,515.6
PROD_1524,anything,Fashion,663.77
PROD_1525,available,Beauty,264.57
PROD_1526,final,Home,328.94
PROD_1527,bed,Electronics,857.61
PROD_1528,this,Fashion,974.91
PROD_1529,term,Home,937.28
PROD_1530,world,Sports,721.89
PROD_1531,particular,Home,88.37
PROD_1532,smile,Sports,840.87
PROD_1533,lot,Home,789.57
PROD_1534,this,Beauty,761.31
PROD_1535,hour,Electronics,895.2
PROD_1536,voice,Beauty,566.68
PROD_1537,talk,Electronics,157.26
PROD_1538,something,Beauty,646.2
PROD_1539,there,Sports,218.39
PROD_1540,yes,Beauty,457.56
PROD_1541,raise,Beauty,895.36
PROD_1542,realize,Beauty,367.02
PROD_1543,sign,Beauty,755.8
PROD_1544,community,Electronics,728.04
PROD_1545,participant,Electronics,524.98
PROD_1546,page,Home,25.6
PROD_1547,window,Home,610.46
PROD_1548,last,Home,224.25
PROD_1549,too,Sports,684.35
PROD_1550,statement,Electronics,738.81
PROD_1551,money,Electronics,193.73
PROD_1552,Republican,Beauty,752.85
PROD_1553,south,Electronics,744.11
PROD_1554,ready,Sports,752.78
PROD_1555,available,Home,349.02
PROD_1556,factor,Sports,615.48
PROD_1557,major,Electronics,741.18
PROD_1558,seem,Home,679.5
PROD_1559,compare,Electronics,554.53
PROD_1560,institution,Fashion,62.51
PROD_1561,allow,Fashion,476.76
PROD_1562,through,Electronics,229.68
PROD_1563,conference,Beauty,66.68
PROD_1564,about,Fashion,92.22
PROD_1565,college,Beauty,621.43
PROD_1566,identify,Fashion,981.38
PROD_1567,next,Home,798.92
PROD_1568,thought,Electronics,404.06
PROD_1569,relationship,Fashion,632.18
PROD_1570,lay,Electronics,983.45
PROD_1571,church,Beauty,612.06
PROD_1572,once,Beauty,765.55
PROD_1573,role,Electronics,337.28
PROD_1574,under,Beauty,631.49
PROD_1575,against,Sports,793.4
PROD_1576,among,Home,233.87
PROD_1577,live,Fashion,162.31
PROD_1578,PM,Electronics,531.92
PROD_1579,shake,Fashion,676.21
PROD_1580,industry,Home,429.26
PROD_1581,second,Home,998.9
PROD_1582,in,Electronics,183.73
PROD_1583,plant,Electronics,988.81
PROD_1584,federal,Beauty,817.98
PROD_1585,firm,Beauty,341.64
PROD_1586,guy,Home,274.19
PROD_1587,say,Home,74.7
PROD_1588,bank,Electronics,298.39
PROD_1589,indicate,Home,186.75
PROD_1590,science,Fashion,129.53
PROD_1591,push,Beauty,427.22
PROD_1592,window,Beauty,699.39
PROD_1593,suddenly,Sports,548.24
PROD_1594,wall,Beauty,453.14
PROD_1595,everybody,Beauty,134.8
PROD_1596,pressure,Fashion,709.35
PROD_1597,question,Beauty,181.44
PROD_1598,traditional,Beauty,727.82
PROD_1599,police,Home,481.65
PROD_1600,accept,Fashion,345.37
PROD_1601,visit,Fashion,404.55
PROD_1602,Mrs,Beauty,585.34
PROD_1603,against,Sports,931.79
PROD_1604,choose,Electronics,309.95
PROD_1605,decision,Sports,402.22
PROD_1606,anything,Fashion,87.03
PROD_1607,option,Sports,351.71
PROD_1608,know,Fashion,458.1
PROD_1609,forget,Fashion,23.0
PROD_1610,they,Electronics,216.62
PROD_1611,issue,Beauty,198.26
PROD_1612,if,Electronics,437.27
PROD_1613,by,Beauty,506.01
PROD_1614,job,Fashion,557.43
PROD_1615,fire,Fashion,948.8
PROD_1616,usually,Fashion,74.28
PROD_1617,act,Sports,464.84
PROD_1618,police,Fashion,708.87
PROD_1619,best,Fashion,572.16
PROD_1620,member,Fashion,760.26
PROD_1621,perhaps,Beauty,127.74
PROD_1622,hour,Home,809.32
PROD_1623,college,Beauty,917.54
PROD_1624,agent,Sports,149.84
PROD_1625,near,Electronics,80.39
PROD_1626,one,Electronics,823.17
PROD_1627,season,Electronics,21.32
PROD_1628,enough,Electronics,796.44
PROD_1629,course,Electronics,759.82
PROD_1630,hotel,Home,197.36
PROD_1631,consider,Sports,352.55
PROD_1632,high,Electronics,723.55
PROD_1633,red,Electronics,464.9
PROD_1634,travel,Fashion,101.86
PROD_1635,suggest,Sports,29.86
PROD_1636,hit,Home,163.56
PROD_1637,small,Fashion,39.56
PROD_1638,about,Electronics,919.26
PROD_1639,national,Home,128.73
PROD_1640,ground,Home,434.64
PROD_1641,realize,Sports,579.93
PROD_1642,face,Fashion,432.91
PROD_1643,baby,Home,667.97
PROD_1644,late,Home,425.51
PROD_1645,election,Sports,191.81
PROD_1646,office,Electronics,876.75
PROD_1647,see,Electronics,288.15
PROD_1648,add,Beauty,644.59
PROD_1649,people,Fashion,189.81
PROD_1650,hair,Sports,689.03
PROD_1651,whose,Home,313.22
PROD_1652,body,Electronics,242.99
PROD_1653,sister,Home,154.48
PROD_1654,house,Beauty,981.24
PROD_1655,foot,Fashion,427.64
PROD_1656,catch,Electronics,454.59
PROD_1657,hour,Home,237.02
PROD_1658,reduce,Beauty,483.38
PROD_1659,computer,Beauty,55.38
PROD_1660,about,Home,370.79
PROD_1661,community,Sports,237.64
PROD_1662,travel,Home,188.98
PROD_1663,appear,Home,685.95
PROD_1664,Democrat,Electronics,487.39
PROD_1665,pattern,Electronics,537.97
PROD_1666,it,Electronics,540.11
PROD_1667,only,Electronics,62.42
PROD_1668,main,Fashion,394.97
PROD_1669,cut,Sports,224.18
PROD_1670,hand,Fashion,588.12
PROD_1671,test,Fashion,130.43
PROD_1672,because,Home,225.85
PROD_1673,above,Fashion,694.08
PROD_1674,analysis,Home,274.01
PROD_1675,eat,Fashion,866.28
PROD_1676,available,Fashion,488.8
PROD_1677,night,Fashion,544.62
PROD_1678,director,Home,255.48
PROD_1679,particularly,Beauty,54.62
PROD_1680,moment,Home,707.73
PROD_1681,open,Fashion,409.39
PROD_1682,company,Sports,163.72
PROD_1683,billion,Sports,808.76
PROD_1684,animal,Electronics,206.81
PROD_1685,success,Fashion,104.53
PROD_1686,control,Fashion,267.81
PROD_1687,several,Beauty,307.64
PROD_1688,action,Home,12.86
PROD_1689,audience,Fashion,103.05
PROD_1690,similar,Home,691.18
PROD_1691,as,Beauty,888.76
PROD_1692,spring,Beauty,815.81
PROD_1693,stage,Electronics,392.57
PROD_1694,property,Home,743.54
PROD_1695,series,Electronics,503.57
PROD_1696,show,Electronics,580.46
PROD_1697,center,Fashion,71.3
PROD_1698,brother,Fashion,538.37
PROD_1699,do,Electronics,546.54
PROD_1700,that,Electronics,977.87
PROD_1701,become,Sports,929.6
PROD_1702,baby,Sports,613.22
PROD_1703,protect,Sports,408.96
PROD_1704,very,Sports,299.82
PROD_1705,career,Beauty,865.24
PROD_1706,civil,Electronics,759.82
PROD_1707,allow,Electronics,238.33
PROD_1708,apply,Electronics,444.49
PROD_1709,knowledge,Fashion,34.67
PROD_1710,as,Fashion,278.95
PROD_1711,face,Home,287.43
PROD_1712,building,Sports,291.08
PROD_1713,anything,Sports,571.57
PROD_1714,development,Fashion,685.92
PROD_1715,thus,Fashion,878.11
PROD_1716,toward,Electronics,502.5
PROD_1717,different,Beauty,341.33
PROD_1718,too,Home,995.72
PROD_1719,once,Beauty,879.62
PROD_1720,record,Fashion,747.24
PROD_1721,society,Beauty,434.59
PROD_1722,my,Home,814.58
PROD_1723,mention,Sports,384.69
PROD_1724,argue,Fashion,25.93
PROD_1725,too,Home,508.32
PROD_1726,letter,Beauty,122.44
PROD_1727,personal,Sports,811.31
PROD_1728,form,Sports,919.38
PROD_1729,treat,Fashion,669.64
PROD_1730,sign,Beauty,794.06
PROD_1731,during,Electronics,640.16
PROD_1732,pick,Beauty,575.73
PROD_1733,policy,Home,36.94
PROD_1734,join,Sports,236.01
PROD_1735,among,Fashion,466.56
PROD_1736,home,Sports,713.94
PROD_1737,ball,Fashion,923.47
PROD_1738,enjoy,Home,825.29
PROD_1739,such,Home,940.48
PROD_1740,deal,Home,403.91
PROD_1741,difference,Beauty,868.29
PROD_1742,moment,Home,113.38
PROD_1743,race,Electronics,952.94
PROD_1744,design,Home,26.31
PROD_1745,show,Fashion,87.52
PROD_1746,language,Beauty,75.76
PROD_1747,feeling,Home,460.99
PROD_1748,agree,Beauty,56.91
PROD_1749,room,Home,289.18
PROD_1750,money,Beauty,760.44
PROD_1751,community,Electronics,359.59
PROD_1752,camera,Fashion,383.9
PROD_1753,travel,Home,685.43
PROD_1754,expert,Beauty,235.61
PROD_1755,financial,Fashion,827.46
PROD_1756,read,Fashion,248.47
PROD_1757,purpose,Beauty,185.56
PROD_1758,call,Fashion,733.26
PROD_1759,example,Fashion,665.65
PROD_1760,defense,Electronics,608.92
PROD_1761,may,Beauty,807.15
PROD_1762,let,Electronics,424.03
PROD_1763,know,Beauty,570.37
PROD_1764,friend,Home,467.68
PROD_1765,realize,Home,79.77
PROD_1766,meet,Electronics,950.14
PROD_1767,fill,Fashion,808.3
PROD_1768,debate,Sports,515.28
PROD_1769,truth,Home,766.66
PROD_1770,much,Beauty,682.26
PROD_1771,day,Home,832.56
PROD_1772,star,Sports,302.85
PROD_1773,religious,Fashion,325.15
PROD_1774,actually,Electronics,511.21
PROD_1775,carry,Electronics,902.89
PROD_1776,wonder,Electronics,88.77
PROD_1777,black,Home,198.96
PROD_1778,several,Beauty,240.24
PROD_1779,mission,Fashion,131.41
PROD_1780,wonder,Electronics,425.45
PROD_1781,either,Fashion,618.3
PROD_1782,foreign,Home,51.46
PROD_1783,purpose,Sports,187.49
PROD_1784,turn,Fashion,389.33
PROD_1785,born,Fashion,947.49
PROD_1786,learn,Sports,453.0
PROD_1787,material,Home,708.98
PROD_1788,hot,Sports,180.12
PROD_1789,firm,Sports,15.25
PROD_1790,stay,Home,20.85
PROD_1791,young,Electronics,677.54
PROD_1792,think,Fashion,477.42
PROD_1793,eat,Sports,861.71
PROD_1794,various,Home,876.79
PROD_1795,with,Sports,443.04
PROD_1796,amount,Electronics,369.55
PROD_1797,among,Fashion,191.23
PROD_1798,career,Sports,43.06
PROD_1799,space,Home,487.88
PROD_1800,do,Electronics,358.47
PROD_1801,use,Home,698.55
PROD_1802,of,Fashion,215.39
PROD_1803,peace,Home,508.99
PROD_1804,entire,Sports,824.97
PROD_1805,admit,Electronics,298.21
PROD_1806,wind,Fashion,688.19
PROD_1807,card,Fashion,212.89
PROD_1808,detail,Fashion,450.45
PROD_1809,team,Home,278.93
PROD_1810,ago,Sports,337.54
PROD_1811,Democrat,Fashion,747.61
PROD_1812,seek,Fashion,198.92
PROD_1813,sister,Fashion,326.56
PROD_1814,question,Electronics,484.85
PROD_1815,pick,Electronics,237.47
PROD_1816,road,Electronics,432.27
PROD_1817,front,Electronics,853.38
PROD_1818,space,Fashion,808.05
PROD_1819,list,Electronics,891.86
PROD_1820,a,Fashion,461.61
PROD_1821,ball,Electronics,858.15
PROD_1822,prepare,Home,839.48
PROD_1823,election,Fashion,723.43
PROD_1824,soon,Electronics,691.0
PROD_1825,community,Fashion,914.77
PROD_1826,affect,Sports,970.52
PROD_1827,body,Fashion,122.64
PROD_1828,physical,Electronics,48.14
PROD_1829,increase,Beauty,121.33
PROD_1830,stop,Electronics,964.96
PROD_1831,expect,Sports,342.66
PROD_1832,lead,Fashion,364.19
PROD_1833,agree,Sports,776.41
PROD_1834,short,Electronics,654.33
PROD_1835,cell,Electronics,365.07
PROD_1836,represent,Electronics,215.16
PROD_1837,road,Sports,707.4
PROD_1838,blue,Beauty,770.92
PROD_1839,enjoy,Sports,594.77
PROD_1840,body,Sports,827.1
PROD_1841,arm,Sports,688.94
PROD_1842,chance,Home,992.93
PROD_1843,information,Beauty,558.88
PROD_1844,me,Fashion,121.29
PROD_1845,front,Electronics,284.57
PROD_1846,surface,Beauty,266.68
PROD_1847,local,Electronics,365.57
PROD_1848,crime,Beauty,120.45
PROD_1849,create,Sports,53.87
PROD_1850,part,Electronics,549.45
PROD_1851,history,Electronics,77.2
PROD_1852,entire,Fashion,17.39
PROD_1853,writer,Sports,447.48
PROD_1854,hotel,Electronics,198.99
PROD_1855,ability,Sports,712.32
PROD_1856,government,Beauty,256.47
PROD_1857,military,Sports,514.77
PROD_1858,film,Beauty,955.48
PROD_1859,difference,Sports,532.77
PROD_1860,board,Electronics,238.5
PROD_1861,your,Sports,978.55
PROD_1862,over,Beauty,762.36
PROD_1863,buy,Fashion,173.93
PROD_1864,increase,Beauty,912.38
PROD_1865,make,Home,262.67
PROD_1866,bill,Electronics,769.66
PROD_1867,anyone,Beauty,429.2
PROD_1868,call,Home,91.21
PROD_1869,some,Electronics,916.26
PROD_1870,boy,Electronics,713.84
PROD_1871,realize,Sports,350.89
PROD_1872,wish,Beauty,697.34
PROD_1873,special,Beauty,695.95
PROD_1874,fine,Electronics,384.82
PROD_1875,service,Fashion,435.45
PROD_1876,between,Beauty,523.19
PROD_1877,order,Electronics,126.68
PROD_1878,do,Fashion,343.33
PROD_1879,suddenly,Fashion,116.26
PROD_1880,prepare,Home,10.09
PROD_1881,heart,Home,586.21
PROD_1882,animal,Fashion,411.68
PROD_1883,within,Beauty,789.2
PROD_1884,type,Home,312.77
PROD_1885,same,Electronics,416.47
PROD_1886,why,Sports,712.9
PROD_1887,despite,Electronics,291.45
PROD_1888,society,Electronics,498.86
PROD_1889,court,Beauty,460.21
PROD_1890,agree,Electronics,794.32
PROD_1891,strategy,Beauty,716.41
PROD_1892,for,Fashion,746.41
PROD_1893,Mrs,Beauty,989.55
PROD_1894,likely,Home,184.52
PROD_1895,American,Electronics,806.42
PROD_1896,sister,Sports,118.76
PROD_1897,thing,Fashion,797.25
PROD_1898,return,Sports,123.89
PROD_1899,perform,Home,177.48
PROD_1900,necessary,Electronics,654.98
PROD_1901,decision,Beauty,752.97
PROD_1902,him,Home,546.05
PROD_1903,first,Electronics,684.22
PROD_1904,attention,Beauty,891.66
PROD_1905,future,Home,246.88
PROD_1906,water,Home,245.41
PROD_1907,order,Fashion,102.0
PROD_1908,pattern,Fashion,829.72
PROD_1909,agreement,Beauty,716.28
PROD_1910,simple,Sports,167.08
PROD_1911,relate,Sports,805.64
PROD_1912,apply,Fashion,169.72
PROD_1913,pressure,Beauty,972.29
PROD_1914,especially,Home,466.63
PROD_1915,white,Fashion,396.36
PROD_1916,way,Sports,70.01
PROD_1917,grow,Fashion,458.1
PROD_1918,position,Electronics,163.41
PROD_1919,how,Sports,440.64
PROD_1920,relationship,Sports,86.27
PROD_1921,treat,Sports,207.27
PROD_1922,out,Beauty,565.01
PROD_1923,pretty,Home,501.98
PROD_1924,will,Sports,311.21
PROD_1925,strategy,Home,757.02
PROD_1926,soon,Electronics,498.32
PROD_1927,unit,Electronics,665.41
PROD_1928,usually,Sports,940.13
PROD_1929,past,Electronics,772.06
PROD_1930,after,Beauty,849.21
PROD_1931,by,Sports,179.73
PROD_1932,we,Beauty,264.13
PROD_1933,ago,Beauty,914.39
PROD_1934,citizen,Home,249.51
PROD_1935,or,Beauty,935.28
PROD_1936,little,Electronics,531.47
PROD_1937,industry,Fashion,731.55
PROD_1938,away,Beauty,120.77
PROD_1939,something,Fashion,466.2
PROD_1940,back,Beauty,444.95
PROD_1941,however,Beauty,905.47
PROD_1942,city,Home,843.7
PROD_1943,recognize,Home,713.21
PROD_1944,measure,Fashion,596.02
PROD_1945,imagine,Sports,938.17
PROD_1946,almost,Fashion,833.31
PROD_1947,source,Sports,210.31
PROD_1948,source,Electronics,953.91
PROD_1949,wind,Fashion,161.15
PROD_1950,happen,Home,585.8
PROD_1951,every,Electronics,271.57
PROD_1952,along,Electronics,364.67
PROD_1953,administration,Home,865.86
PROD_1954,alone,Beauty,443.43
PROD_1955,film,Fashion,374.18
PROD_1956,against,Electronics,357.9
PROD_1957,read,Fashion,465.23
PROD_1958,deal,Fashion,268.85
PROD_1959,officer,Sports,611.07
PROD_1960,politics,Home,830.83
PROD_1961,in,Beauty,518.65
PROD_1962,you,Sports,840.84
PROD_1963,begin,Fashion,946.64
PROD_1964,yard,Home,117.93
PROD_1965,civil,Beauty,525.95
PROD_1966,story,Sports,357.84
PROD_1967,small,Sports,648.46
PROD_1968,save,Electronics,521.54
PROD_1969,future,Beauty,559.02
PROD_1970,goal,Sports,836.41
PROD_1971,debate,Fashion,788.06
PROD_1972,point,Electronics,994.14
PROD_1973,affect,Sports,549.7
PROD_1974,beyond,Sports,952.65
PROD_1975,pressure,Home,961.77
PROD_1976,above,Beauty,657.45
PROD_1977,father,Fashion,511.27
PROD_1978,seven,Fashion,658.82
PROD_1979,black,Sports,938.49
PROD_1980,cultural,Home,911.72
PROD_1981,hard,Fashion,768.54
PROD_1982,force,Sports,77.06
PROD_1983,manage,Electronics,976.15
PROD_1984,sound,Beauty,917.33
PROD_1985,language,Sports,965.17
PROD_1986,believe,Sports,421.03
PROD_1987,term,Home,868.16
PROD_1988,early,Home,638.42
PROD_1989,body,Home,644.34
PROD_1990,federal,Electronics,953.87
PROD_1991,success,Home,211.31
PROD_1992,bank,Home,166.91
PROD_1993,long,Beauty,925.78
PROD_1994,not,Home,869.1
PROD_1995,everybody,Electronics,694.79
PROD_1996,sense,Sports,957.82
PROD_1997,third,Home,722.89
PROD_1998,run,Home,350.38
PROD_1999,Mrs,Beauty,27.8
